;x0;y0;dx;dy;score
29;193.0;185.0;0.90715027;0.082473755;0.835968
27;351.0;247.0;1.521698;0.59181213;0.9734497
21;181.0;185.0;1.6091003;0.38224792;0.30984497
